run_id,sample_id,seed,retrieval_delay_condition,effective_delay_s,status,stop_reason,rag_triggered,num_retrievals,user_end_time,retrieval_trigger_time,retrieval_request_time,retrieval_complete_time,reference_injection_time,assistant_first_audio_time,first_informative_content_time,response_end_time,response_onset_latency_s,first_informative_latency_s,answer_mentioned_before_injection,longest_response_silence_s,pre_rag_transcript,post_rag_transcript,assistant_transcript,output_audio_path,pre_rag.duration_s,pre_rag.speech_s,pre_rag.silence_s,pre_rag.longest_silence_s,pre_rag.num_words,wait_window.speech_s,wait_window.num_words,post_rag.speech_s,post_rag.num_words,pre_rag_filler.filler_total,pre_rag_filler.max_ngram_repeat,pre_rag_filler.repeated_filler
tallest_waterfall__d0s__s42424242,tallest_waterfall,42424242,0.0,0.0,ok,tail_silence,True,1,2.8,3.12,3.6,3.6,3.6,3.12,5.6,13.84,0.32,2.8,False,0.56,"Oh,","that's a good question. Angel Falls in Venezuela is the world's tallest, standing at nine hundred seventy-nine point seven meters tall. Pretty impressive, right?","Oh, that's a good question. Angel Falls in Venezuela is the world's tallest, standing at nine hundred seventy-nine point seven meters tall. Pretty impressive, right?",audio/tallest_waterfall__d0s__s42424242_model.wav,0.48,0.48,0.0,0.0,1,0.48,1,8.16,24,1,0,False
tallest_waterfall__d1s__s42424242,tallest_waterfall,42424242,1.0,1.04,ok,tail_silence,True,1,2.8,3.12,3.6,4.64,4.64,3.12,5.76,18.72,0.32,2.96,False,1.76,"Oh, that's a good question!","Angel Falls in Venezuela is the tallest, measuring nine hundred seventy-nine point nine meters high. Pretty impressive, right? Is there anything else I can help with?","Oh, that's a good question! Angel Falls in Venezuela is the tallest, measuring nine hundred seventy-nine point nine meters high. Pretty impressive, right? Is there anything else I can help with?",audio/tallest_waterfall__d1s__s42424242_model.wav,1.52,1.2,0.32,0.24,5,1.2,5,9.84,26,3,1,False
tallest_waterfall__d2s__s42424242,tallest_waterfall,42424242,2.0,2.0,ok,tail_silence,True,1,2.8,3.12,3.6,5.6,5.6,3.12,5.84,18.8,0.32,3.04,False,1.68,"Oh, that's a good question! Angel","Falls in Venezuela is the world's tallest waterfall, with a measured height of nine hundred seventy-nine point nine meters. impressive, right? Falls! It's quite a sight to see.","Oh, that's a good question! Angel Falls in Venezuela is the world's tallest waterfall, with a measured height of nine hundred seventy-nine point nine meters. impressive, right? Falls! It's quite a sight to see.",audio/tallest_waterfall__d2s__s42424242_model.wav,2.48,1.84,0.64,0.32,6,1.84,6,9.28,28,3,1,False
tallest_waterfall__d3s__s42424242,tallest_waterfall,42424242,3.0,3.04,ok,tail_silence,True,1,2.8,3.12,3.6,6.64,6.64,3.12,5.84,14.88,0.32,3.04,True,0.72,"Oh, that's a good question! Angel Falls in Venezuela","is the tallest. It's nine hundred seventy-nine meters high, with an eight hundred seven meter uninterrupted drop. Pretty impressive, right?","Oh, that's a good question! Angel Falls in Venezuela is the tallest. It's nine hundred seventy-nine meters high, with an eight hundred seven meter uninterrupted drop. Pretty impressive, right?",audio/tallest_waterfall__d3s__s42424242_model.wav,3.52,2.8,0.72,0.32,9,2.8,9,6.72,20,3,1,False
tallest_waterfall__d5s__s42424242,tallest_waterfall,42424242,5.0,5.04,ok,tail_silence,True,1,2.8,3.12,3.6,8.64,8.64,3.12,5.84,12.24,0.32,3.04,True,0.56,"Oh, that's a good question! Angel Falls in Venezuela is the tallest, measuring nine","hundred seventy-seven meters high. Pretty impressive, right?","Oh, that's a good question! Angel Falls in Venezuela is the tallest, measuring nine hundred seventy-seven meters high. Pretty impressive, right?",audio/tallest_waterfall__d5s__s42424242_model.wav,5.52,4.48,1.04,0.32,14,4.48,14,3.04,7,3,1,False
tallest_waterfall__d8s__s42424242,tallest_waterfall,42424242,8.0,8.0,ok,tail_silence,True,1,2.8,3.12,3.6,11.6,11.6,3.12,5.84,12.08,0.32,3.04,True,0.56,"Oh, that's a good question! Angel Falls in Venezuela is the tallest, measuring nine hundred seventy-nine meters high. Pretty impressive,",right?,"Oh, that's a good question! Angel Falls in Venezuela is the tallest, measuring nine hundred seventy-nine meters high. Pretty impressive, right?",audio/tallest_waterfall__d8s__s42424242_model.wav,8.48,6.8,1.68,0.56,20,6.8,20,0.48,1,3,1,False
capital_australia__d0s__s42424242,capital_australia,42424242,0.0,0.0,ok,tail_silence,True,1,2.48,2.48,2.96,2.96,2.96,2.56,4.96,11.84,0.08,2.48,False,0.64,"Sure,",I can help with that. Canberra is the capital city of Australia. It became the capital in nineteen twenty-seven. Is there anything else I can help you with?,"Sure, I can help with that. Canberra is the capital city of Australia. It became the capital in nineteen twenty-seven. Is there anything else I can help you with?",audio/capital_australia__d0s__s42424242_model.wav,0.48,0.4,0.08,0.08,1,0.4,1,6.8,28,0,0,False
capital_australia__d1s__s42424242,capital_australia,42424242,1.0,1.04,ok,tail_silence,True,1,2.48,2.48,2.96,4.0,4.0,2.56,4.8,10.64,0.08,2.32,False,0.64,"Sure, I can help with",that. Canberra was chosen as the capital as a compromise between Sydney and Melbourne. Is there anything else I can help with?,"Sure, I can help with that. Canberra was chosen as the capital as a compromise between Sydney and Melbourne. Is there anything else I can help with?",audio/capital_australia__d1s__s42424242_model.wav,1.52,1.12,0.4,0.32,5,1.12,5,5.2,22,0,1,False
capital_australia__d2s__s42424242,capital_australia,42424242,2.0,2.0,ok,tail_silence,True,1,2.48,2.48,2.96,4.96,4.96,2.56,4.88,11.44,0.08,2.4,True,0.8,"Sure, I can help with that. Canberra",is the capital city of Australia. It became the capital in nineteen twenty-seven. Is there anything else I can help you with?,"Sure, I can help with that. Canberra is the capital city of Australia. It became the capital in nineteen twenty-seven. Is there anything else I can help you with?",audio/capital_australia__d2s__s42424242_model.wav,2.48,1.28,1.2,0.8,7,1.28,7,5.52,22,0,1,False
capital_australia__d3s__s42424242,capital_australia,42424242,3.0,3.04,ok,tail_silence,True,1,2.48,2.48,2.96,6.0,6.0,2.56,4.88,12.24,0.08,2.4,True,0.8,"Sure, I can help with that. Canberra is the capital",city of Australia. It was formed as a compromise between Sydney and Melbourne. Is there anything else I can help you with?,"Sure, I can help with that. Canberra is the capital city of Australia. It was formed as a compromise between Sydney and Melbourne. Is there anything else I can help you with?",audio/capital_australia__d3s__s42424242_model.wav,3.52,2.32,1.2,0.8,10,2.32,10,5.2,22,0,1,False
capital_australia__d5s__s42424242,capital_australia,42424242,5.0,5.04,ok,tail_silence,True,1,2.48,2.48,2.96,8.0,8.0,2.56,4.88,12.32,0.08,2.4,True,0.96,"Sure, I can help with that. Canberra is the capital city of Australia. It's located",in the northeast of Sydney. there anything else I can help you with?,"Sure, I can help with that. Canberra is the capital city of Australia. It's located in the northeast of Sydney. there anything else I can help you with?",audio/capital_australia__d5s__s42424242_model.wav,5.52,3.84,1.68,0.8,15,3.84,15,3.2,13,0,1,False
capital_australia__d8s__s42424242,capital_australia,42424242,8.0,8.0,ok,tail_silence,True,1,2.48,2.48,2.96,10.96,10.96,2.56,4.88,10.72,0.08,2.4,True,0.8,"Sure, I can help with that. Canberra is the capital city of Australia. It's located in the state of Canberra. Is there anything else?",,"Sure, I can help with that. Canberra is the capital city of Australia. It's located in the state of Canberra. Is there anything else?",audio/capital_australia__d8s__s42424242_model.wav,8.48,6.0,2.48,0.8,24,6.0,24,0.0,0,0,2,True
pride_prejudice_author__d0s__s42424242,pride_prejudice_author,42424242,0.0,0.0,ok,tail_silence,True,1,2.32,2.4,2.88,2.88,2.88,2.4,6.0,10.72,0.08,3.68,False,0.4,"Oh,","that's a good question. It was written by Jane Austen, and first published in eighteen-thirteen. Is there anything else I can help with?","Oh, that's a good question. It was written by Jane Austen, and first published in eighteen-thirteen. Is there anything else I can help with?",audio/pride_prejudice_author__d0s__s42424242_model.wav,0.48,0.48,0.0,0.0,1,0.48,1,6.4,23,1,0,False
pride_prejudice_author__d1s__s42424242,pride_prejudice_author,42424242,1.0,1.04,ok,tail_silence,True,1,2.32,2.4,2.88,3.92,3.92,2.4,5.84,13.2,0.08,3.52,False,0.4,"Oh, that's",a great question. Jane Austen wrote 'Pride and Prejudice'. It was first published in eighteen thirteen. Is there anything else I can help you with?,"Oh, that's a great question. Jane Austen wrote 'Pride and Prejudice'. It was first published in eighteen thirteen. Is there anything else I can help you with?",audio/pride_prejudice_author__d1s__s42424242_model.wav,1.52,1.2,0.32,0.16,2,1.2,2,7.84,25,1,1,False
pride_prejudice_author__d2s__s42424242,pride_prejudice_author,42424242,2.0,2.0,ok,tail_silence,True,1,2.32,2.4,2.88,4.88,4.88,2.4,5.68,12.0,0.08,3.36,False,0.32,"Oh, that's a great question.",Jane Austen wrote 'Pride and Prejudice'. It was first published in eighteen-thirteen. Is there anything else I can help you with?,"Oh, that's a great question. Jane Austen wrote 'Pride and Prejudice'. It was first published in eighteen-thirteen. Is there anything else I can help you with?",audio/pride_prejudice_author__d2s__s42424242_model.wav,2.48,2.16,0.32,0.16,5,2.16,5,6.24,21,3,1,False
pride_prejudice_author__d3s__s42424242,pride_prejudice_author,42424242,3.0,3.04,ok,tail_silence,True,1,2.32,2.4,2.88,5.92,5.92,2.4,5.52,13.2,0.08,3.2,True,0.4,"Oh, that's a great question. Jane Austen",is the author of Pride and Prejudice. It was first published in eighteen thirteen. Is there anything else I can help you with?,"Oh, that's a great question. Jane Austen is the author of Pride and Prejudice. It was first published in eighteen thirteen. Is there anything else I can help you with?",audio/pride_prejudice_author__d3s__s42424242_model.wav,3.52,3.12,0.4,0.16,7,3.12,7,5.92,23,3,1,False
pride_prejudice_author__d5s__s42424242,pride_prejudice_author,42424242,5.0,5.04,ok,tail_silence,True,1,2.32,2.4,2.88,7.92,7.92,2.4,5.52,10.24,0.08,3.2,True,0.48,"Oh, that's a great question. Jane Austen is the author of 'Pride and Prejudice'.",Is there anything else I can help you with?,"Oh, that's a great question. Jane Austen is the author of 'Pride and Prejudice'. Is there anything else I can help you with?",audio/pride_prejudice_author__d5s__s42424242_model.wav,5.52,4.8,0.72,0.16,14,4.8,14,1.84,9,3,1,False
pride_prejudice_author__d8s__s42424242,pride_prejudice_author,42424242,8.0,8.0,ok,tail_silence,True,1,2.32,2.4,2.88,10.88,10.88,2.4,5.52,12.88,0.08,3.2,True,0.4,"Oh, that's a great question. Jane Austen is the author of 'Pride and Prejudice'. It was first published in eighteen-thirteen. Is",there anything else I can help with?,"Oh, that's a great question. Jane Austen is the author of 'Pride and Prejudice'. It was first published in eighteen-thirteen. Is there anything else I can help with?",audio/pride_prejudice_author__d8s__s42424242_model.wav,8.48,6.96,1.52,0.4,21,6.96,21,1.6,7,3,1,False
longest_river_africa__d0s__s42424242,longest_river_africa,42424242,0.0,0.0,ok,tail_silence,True,1,2.16,2.4,2.88,2.88,2.88,2.4,4.32,13.36,0.24,2.16,False,0.48,That's,"a good question! The Nile is Africa's longest river, stretching about 6,650 kilometers. It flows into the Mediterranean Sea. Is there anything else I can help you with?","That's a good question! The Nile is Africa's longest river, stretching about 6,650 kilometers. It flows into the Mediterranean Sea. Is there anything else I can help you with?",audio/longest_river_africa__d0s__s42424242_model.wav,0.48,0.48,0.0,0.0,1,0.48,1,9.28,28,0,1,False
longest_river_africa__d1s__s42424242,longest_river_africa,42424242,1.0,1.04,ok,tail_silence,True,1,2.16,2.4,2.88,3.92,3.92,2.4,4.32,12.8,0.24,2.16,False,0.4,That's a good question!,"The Nile River is Africa's longest river, flowing around six thousand six hundred twenty-five kilometers. Is there anything else I can help you with?","That's a good question! The Nile River is Africa's longest river, flowing around six thousand six hundred twenty-five kilometers. Is there anything else I can help you with?",audio/longest_river_africa__d1s__s42424242_model.wav,1.52,1.52,0.0,0.0,4,1.52,4,7.76,24,2,1,False
longest_river_africa__d2s__s42424242,longest_river_africa,42424242,2.0,2.0,ok,tail_silence,True,1,2.16,2.4,2.88,4.88,4.88,2.4,4.32,11.12,0.24,2.16,True,0.4,That's a good question! The Nile River,"is Africa's longest, stretching about six thousand six hundred fifty kilometers. Pretty impressive, right?","That's a good question! The Nile River is Africa's longest, stretching about six thousand six hundred fifty kilometers. Pretty impressive, right?",audio/longest_river_africa__d2s__s42424242_model.wav,2.48,2.32,0.16,0.16,7,2.32,7,5.52,14,2,1,False
longest_river_africa__d3s__s42424242,longest_river_africa,42424242,3.0,3.04,ok,tail_silence,True,1,2.16,2.4,2.88,5.92,5.92,2.4,4.32,12.8,0.24,2.16,True,0.4,"That's a good question! The Nile River is Africa's longest,","flowing about 6,650 kilometers and emptying into the Mediterranean Sea. Is there anything else I can help you with?","That's a good question! The Nile River is Africa's longest, flowing about 6,650 kilometers and emptying into the Mediterranean Sea. Is there anything else I can help you with?",audio/longest_river_africa__d3s__s42424242_model.wav,3.52,3.36,0.16,0.16,10,3.36,10,5.84,19,2,1,False
longest_river_africa__d5s__s42424242,longest_river_africa,42424242,5.0,5.04,ok,tail_silence,True,1,2.16,2.4,2.88,7.92,7.92,2.4,4.32,11.84,0.24,2.16,True,0.32,"That's a good question! The Nile River is Africa's longest, stretching about six thousand",nine hundred fifty kilometers. Is there anything else I can help you with?,"That's a good question! The Nile River is Africa's longest, stretching about six thousand nine hundred fifty kilometers. Is there anything else I can help you with?",audio/longest_river_africa__d5s__s42424242_model.wav,5.52,5.2,0.32,0.16,14,5.2,14,3.36,13,2,1,False
longest_river_africa__d8s__s42424242,longest_river_africa,42424242,8.0,8.0,ok,tail_silence,True,1,2.16,2.4,2.88,10.88,10.88,2.4,4.32,12.08,0.24,2.16,True,0.24,"That's a good question! The Nile River is Africa's longest, stretching about six thousand nine hundred fifty kilometers. Is there anything else",I can help you with?,"That's a good question! The Nile River is Africa's longest, stretching about six thousand nine hundred fifty kilometers. Is there anything else I can help you with?",audio/longest_river_africa__d8s__s42424242_model.wav,8.48,7.68,0.8,0.24,22,7.68,22,1.12,5,2,1,False
mars_moons__d0s__s42424242,mars_moons,42424242,0.0,0.0,ok,tail_silence,True,1,2.32,2.64,3.12,3.12,3.12,2.72,5.52,10.0,0.4,3.2,False,0.4,That's,"a good question! Mars has two moons, called Phobos and Deimos. They're pretty small and irregularly shaped.","That's a good question! Mars has two moons, called Phobos and Deimos. They're pretty small and irregularly shaped.",audio/mars_moons__d0s__s42424242_model.wav,0.48,0.4,0.08,0.08,1,0.4,1,5.52,17,0,1,False
mars_moons__d1s__s42424242,mars_moons,42424242,1.0,1.04,ok,tail_silence,True,1,2.32,2.64,3.12,4.16,4.16,2.72,5.76,13.12,0.4,3.44,False,0.4,That's a good question.,"Mars has two moons, called Phobos and Deimos. They're both small and pretty rocky looking. Is there anything else I can help with?","That's a good question. Mars has two moons, called Phobos and Deimos. They're both small and pretty rocky looking. Is there anything else I can help with?",audio/mars_moons__d1s__s42424242_model.wav,1.52,1.36,0.16,0.08,4,1.36,4,7.76,23,2,1,False
mars_moons__d2s__s42424242,mars_moons,42424242,2.0,2.0,ok,tail_silence,True,1,2.32,2.64,3.12,5.12,5.12,2.72,6.4,13.76,0.4,4.08,False,0.72,That's a good question. Mars,"actually has two moons, Phobos and Deimos. They're both pretty small and irregularly shaped. Is there anything else I can help you with?","That's a good question. Mars actually has two moons, Phobos and Deimos. They're both pretty small and irregularly shaped. Is there anything else I can help you with?",audio/mars_moons__d2s__s42424242_model.wav,2.48,2.32,0.16,0.08,5,2.32,5,7.36,23,2,1,False
mars_moons__d3s__s42424242,mars_moons,42424242,3.0,3.04,ok,tail_silence,True,1,2.32,2.64,3.12,6.16,6.16,2.72,6.32,13.44,0.4,4.0,False,0.48,That's a good question. Mars actually has two,"moons, plus some minor ones. There are two known moons of Mars, Phobos and Deimos. Pretty interesting, huh?","That's a good question. Mars actually has two moons, plus some minor ones. There are two known moons of Mars, Phobos and Deimos. Pretty interesting, huh?",audio/mars_moons__d3s__s42424242_model.wav,3.52,3.28,0.24,0.08,8,3.28,8,5.92,18,2,1,False
mars_moons__d5s__s42424242,mars_moons,42424242,5.0,5.04,ok,tail_silence,True,1,2.32,2.64,3.12,8.16,8.16,2.72,6.32,9.04,0.4,4.0,True,0.4,"That's a good question. Mars actually has two moons, they're called Phobos",and Deimos.,"That's a good question. Mars actually has two moons, they're called Phobos and Deimos.",audio/mars_moons__d5s__s42424242_model.wav,5.52,4.8,0.72,0.4,12,4.8,12,0.88,2,2,1,False
mars_moons__d8s__s42424242,mars_moons,42424242,8.0,8.0,ok,tail_silence,True,1,2.32,2.64,3.12,11.12,11.12,2.72,6.32,10.48,0.4,4.0,True,0.4,"That's a good question. Mars actually has two moons, they're called Phobos and Deimos. Pretty cool, huh?",,"That's a good question. Mars actually has two moons, they're called Phobos and Deimos. Pretty cool, huh?",audio/mars_moons__d8s__s42424242_model.wav,8.48,6.64,1.84,0.64,17,6.64,17,0.0,0,2,1,False
