run_id,sample_id,seed,delay_s,status,question,gold_answer,rag_triggered,trigger_time,injection_time,answer_in_transcript_before_injection (auto),pre_trigger_transcript,pre_rag_transcript,post_rag_transcript,stereo_audio,premature_answer,contradiction,wait_behaviour,naturalness_1to5,notes
sqa_1009__d0s__s42424242,sqa_1009,42424242,0.0,ok,Which commune in France is The Pont Serme located in?,Coursan,True,3.68,4.16,,,"Oh,","that's a good question. The Pont Serme is in Courrès, Is there anything else I can help you with? Does that help?",audio/sqa_1009__d0s__s42424242_stereo.wav,,,,,
sqa_1009__d1s__s42424242,sqa_1009,42424242,1.0,ok,Which commune in France is The Pont Serme located in?,Coursan,True,3.68,5.2,False,,"Oh, that's a good question.","It's located in the Commune of Coursan, in France. Is there anything else?",audio/sqa_1009__d1s__s42424242_stereo.wav,,,,,
sqa_1009__d2s__s42424242,sqa_1009,42424242,2.0,ok,Which commune in France is The Pont Serme located in?,Coursan,True,3.68,6.16,,,"Oh, that's a good question. It's","in the le-de- France department, in the southern part of the region. Is there anything else I can help you with?",audio/sqa_1009__d2s__s42424242_stereo.wav,,,,,
sqa_1009__d3s__s42424242,sqa_1009,42424242,3.0,ok,Which commune in France is The Pont Serme located in?,Coursan,True,3.68,7.2,,,"Oh, that's a good question. It's in the south of France,",close to the Spanish border in the Comté de France region. Is there anything else I can help you with?,audio/sqa_1009__d3s__s42424242_stereo.wav,,,,,
sqa_1009__d5s__s42424242,sqa_1009,42424242,5.0,ok,Which commune in France is The Pont Serme located in?,Coursan,True,3.68,9.2,,,"Oh, that's a good question. It's in the south of France, nestled in the Pyrenees mountains.","Pretty cool, huh? Is there anything else I can help you with?",audio/sqa_1009__d5s__s42424242_stereo.wav,,,,,
sqa_1009__d8s__s42424242,sqa_1009,42424242,8.0,ok,Which commune in France is The Pont Serme located in?,Coursan,True,3.68,12.16,,,"Oh, that's a good question. It's in the south of France, nestled in the Pyrenees mountains. Is there anything else I can help with?",,audio/sqa_1009__d8s__s42424242_stereo.wav,,,,,
sqa_1155__d0s__s42424242,sqa_1155,42424242,0.0,ok,Which Singapore island is the nation's easternmost point?,Pedra Branca,True,3.52,4.0,False,,That's,a good question! Pedra Branca is the easternmost point of Singapore. It's an uninhabited island.,audio/sqa_1155__d0s__s42424242_stereo.wav,,,,,
sqa_1155__d1s__s42424242,sqa_1155,42424242,1.0,ok,Which Singapore island is the nation's easternmost point?,Pedra Branca,True,3.52,5.04,,,That's a good question!,"Singapore Merlion is the easternmost point of Singapore. It's a fascinating spot! the easternmost point of the entire country. cool, right?",audio/sqa_1155__d1s__s42424242_stereo.wav,,,,,
sqa_1155__d2s__s42424242,sqa_1155,42424242,2.0,ok,Which Singapore island is the nation's easternmost point?,Pedra Branca,True,3.52,6.0,,,That's a good question! Singapore is,"Singapore's easternmost point, or Pedra Mirada, as it's the point furthest east in Singapore.",audio/sqa_1155__d2s__s42424242_stereo.wav,,,,,
sqa_1155__d3s__s42424242,sqa_1155,42424242,3.0,ok,Which Singapore island is the nation's easternmost point?,Pedra Branca,True,3.52,7.04,,,That's a good question! Singapore is Southeast Asia's,easternmost point. Anything else I can help with?,audio/sqa_1155__d3s__s42424242_stereo.wav,,,,,
sqa_1155__d8s__s42424242,sqa_1155,42424242,8.0,ok,Which Singapore island is the nation's easternmost point?,Pedra Branca,True,3.52,12.0,,,"That's a good question! Singapore is Southeast Asia's easternmost point, located at 1.5012 degrees East longitude.",Is there anything else I can help you with?,audio/sqa_1155__d8s__s42424242_stereo.wav,,,,,
sqa_1658__d0s__s42424242,sqa_1658,42424242,0.0,ok,Which was the first smoke-free state of India by abandoning traditional ways of cooking?,Himachal Pradesh,True,5.2,5.68,False,,That's,"a good question. Himachal Pradesh was first, adopting smoke-free cooking methods back in nineteen-ninety. Pretty interesting, right? Is there anything else I can help you with?",audio/sqa_1658__d0s__s42424242_stereo.wav,,,,,
sqa_1658__d8s__s42424242,sqa_1658,42424242,8.0,ok,Which was the first smoke-free state of India by abandoning traditional ways of cooking?,Himachal Pradesh,True,5.2,13.68,,,That's a good question. Tamil Nadu was the first state in India to abolish traditional cooking methods in nineteen seventy-five.,,audio/sqa_1658__d8s__s42424242_stereo.wav,,,,,
sqa_1838__d0s__s42424242,sqa_1838,42424242,0.0,ok,What Liverpool player scored the most goals in the 2021-2022 season of the FA Cup?,Takumi Minamino | Minamino,True,6.8,7.28,False,,"Oh,","that's a good question. Takumi Minamino scored the most goals for Liverpool that season, with a total of five goals. Is there anything else I can help you with?",audio/sqa_1838__d0s__s42424242_stereo.wav,,,,,
sqa_1838__d8s__s42424242,sqa_1838,42424242,8.0,ok,What Liverpool player scored the most goals in the 2021-2022 season of the FA Cup?,Takumi Minamino | Minamino,True,6.8,15.28,,,"Oh, that's a good question. Mohamed Salah scored three goals in the twenty-twenty-one to twenty-twenty-two FA Cup. Is there anything else",I can help you with? Is there anything else I can help you with?,audio/sqa_1838__d8s__s42424242_stereo.wav,,,,,
sqa_2105__d0s__s42424242,sqa_2105,42424242,0.0,ok,What was the name of the perpetrator who slashed Park Geun-hye's face?,Ji Chung-ho,True,4.24,4.72,False,,"Oh,","that's a tough one. The perpetrator's name was Ji Chung-ho, and I'm pretty sure this case is quite well known. Is there anything else I can help you with? I hope that helps.",audio/sqa_2105__d0s__s42424242_stereo.wav,,,,,
sqa_2105__d8s__s42424242,sqa_2105,42424242,8.0,ok,What was the name of the perpetrator who slashed Park Geun-hye's face?,Ji Chung-ho,True,4.24,12.72,,,"Oh, that's a good question. Gary Gilmore was the individual responsible for the self-inflicted injuries on Park June Hye. Quite","a tragic event, wasn't it?",audio/sqa_2105__d8s__s42424242_stereo.wav,,,,,
sqa_2113__d0s__s42424242,sqa_2113,42424242,0.0,ok,What actor did Burt Reynolds replace on Gunsmoke?,Dennis Weaver | Weaver,True,3.2,3.68,False,,"Oh,",that's a good question. Burt Reynolds took over for Dennis Weaver on Gunsmoke after he left the show. Is there anything else I can help you with?,audio/sqa_2113__d0s__s42424242_stereo.wav,,,,,
sqa_2113__d8s__s42424242,sqa_2113,42424242,8.0,ok,What actor did Burt Reynolds replace on Gunsmoke?,Dennis Weaver | Weaver,True,3.2,11.68,,,"Oh, that's a good question. Burt Reynolds replaced James Drury as Chief Dan Callahan in nineteen eighty-six.",,audio/sqa_2113__d8s__s42424242_stereo.wav,,,,,
sqa_2885__d0s__s42424242,sqa_2885,42424242,0.0,ok,Which Indian state is also known as Veer Bhumi?,Himachal Pradesh,True,3.28,3.76,False,,"Oh,","that's a good question. Himachal Pradesh is known as Veer Bhimi in Indian states, also known as Manali. Is there anything else?",audio/sqa_2885__d0s__s42424242_stereo.wav,,,,,
sqa_2885__d8s__s42424242,sqa_2885,42424242,8.0,ok,Which Indian state is also known as Veer Bhumi?,Himachal Pradesh,True,3.28,11.76,,,"Oh, that's a good question. Bihar is known as Vidarbha in India. It's known for its vibrant culture. Is there anything else I",can help you with?,audio/sqa_2885__d8s__s42424242_stereo.wav,,,,,
sqa_3564__d0s__s42424242,sqa_3564,42424242,0.0,ok,Which U.S. president was the last one to be born in the 18th century?,James Buchanan | Buchanan,True,4.24,4.72,False,,That,'s a fun question! James Buchanan was the last president born in the eighteenth century. He was born in seventeen eighty-five. there anything else I can help with?,audio/sqa_3564__d0s__s42424242_stereo.wav,,,,,
sqa_3564__d8s__s42424242,sqa_3564,42424242,8.0,ok,Which U.S. president was the last one to be born in the 18th century?,James Buchanan | Buchanan,True,4.24,12.72,,,"That's a good question! Adams was the last president born in the eighteenth century, born in seventeen thirty-five. Is there anything else?",,audio/sqa_3564__d8s__s42424242_stereo.wav,,,,,
sqa_3934__d0s__s42424242,sqa_3934,42424242,0.0,ok,"What was the original name of the village of Berrien Springs, Michigan?",Wolf's Prairie,True,4.08,4.56,False,,"Oh,",that's a good question. It was originally called Wolf's Prairie when it was first settled in eighteen-thirty-four. Is there anything else I can help with?,audio/sqa_3934__d0s__s42424242_stereo.wav,,,,,
sqa_3934__d8s__s42424242,sqa_3934,42424242,8.0,ok,"What was the original name of the village of Berrien Springs, Michigan?",Wolf's Prairie,True,4.08,12.56,,,"Oh, that's a good question. It was originally called Vails Creek, then became Berrien Springs in eighteen thirty-seven.","interesting, right? Is there anything else I can help you with?",audio/sqa_3934__d8s__s42424242_stereo.wav,,,,,
sqa_4052__d0s__s42424242,sqa_4052,42424242,0.0,ok,Who was awarded The Oceanography Society's Walter Munk Medal in 2015?,Carl Wunsch | Wunsch,True,4.88,5.36,,,"Oh,",that's a good question. Carl Munck received the two thousand fifteen Walter Munk Medal from The Oceanography Society for his contributions to oceanography. Is there anything else I can help you with?,audio/sqa_4052__d0s__s42424242_stereo.wav,,,,,
sqa_4052__d8s__s42424242,sqa_4052,42424242,8.0,ok,Who was awarded The Oceanography Society's Walter Munk Medal in 2015?,Carl Wunsch | Wunsch,True,4.88,13.36,,,"Oh, that's a good question. David Colville received the Walter Munck Award in two thousand fifteen. Is there anything else I",can help with?,audio/sqa_4052__d8s__s42424242_stereo.wav,,,,,
sqa_4073__d0s__s42424242,sqa_4073,42424242,0.0,ok,Who wrote the music for the Romanian anthem?,Anton Pann | Pann,True,2.72,3.2,False,,"Oh,",that's a great question. Anton Pann wrote the music for the Romanian anthem. He was a major figure in Romanian music. Is there anything else I can help with?,audio/sqa_4073__d0s__s42424242_stereo.wav,,,,,
sqa_4073__d8s__s42424242,sqa_4073,42424242,8.0,ok,Who wrote the music for the Romanian anthem?,Anton Pann | Pann,True,2.72,11.2,,,"Oh, that's a great question. The music is traditionally attributed to Gheorghe Bălușan, but was finalized by Gheorghe Isac in",nineteen-twenty.,audio/sqa_4073__d8s__s42424242_stereo.wav,,,,,
sqa_4080__d0s__s42424242,sqa_4080,42424242,0.0,ok,In which city of Jammu division is KK Birla Garden located?,Kathua,True,3.84,4.32,,,"Oh,","that's a good question. The KK Burla Garden is located in Katha, which is in the Jammu division of Jammu and Kashmir. there anything else I can help with?",audio/sqa_4080__d0s__s42424242_stereo.wav,,,,,
sqa_4080__d8s__s42424242,sqa_4080,42424242,8.0,ok,In which city of Jammu division is KK Birla Garden located?,Kathua,True,3.84,12.32,,,"Oh, that's a good question. KK Beryl Garden is in Kabul, Afghanistan's capital city. Is there anything else?",,audio/sqa_4080__d8s__s42424242_stereo.wav,,,,,
